73332	3	672	AJH13041eU141LL	GGAATGAAAGGTTATATTCTCAA	0
94366	12	816	AJH09043eU149PL	GTGGTTACAAGTTATCTCCCCGG	0
94885	37	626	AJH09043eU668SF	CGTAATTGAAGATATTTCTTCTA	0
129483	2	795	AJH09074eU984HH	GAAAACGACGCTTATGTTCACGC	0
138799	36	278	AJH09079eU470SF	GACCTTTGATGTCATTATCTCCG	1
146890	11	133	AJH09086eU385LL	TTCTGGTGACGGCAATTTCACTG	0
190475	9	231	AJH09124eU1019AV	GTTCGATGAAGCCATCCTCGCCC	1
270580	20	95	AJH09197eU542TM	GAAGATTGATGCTACCTACACGA	1
365238	25	188	AJH09280eU311PL	GACGGTGGATGTCATTTTCCCGA	1
375322	10	128	AJH13053eU100PS	TAGCCTCGATGGCATTTACCCCA	1
423469	3	1517	AJH09340eU653PL	CACCATCGACGTGACCTTCCCGG	0
477438	5	314	AJH09387eU175LL	CTACTGAGATGGCATTTCGTCTG	0
526833	87	163	AJH09430eU-5	CGTAACAGATGGAATCCTCTCTC	1
623165	8	296	AJH09525eU1161FF	ATCCCGGAAGGTAACTTCTTCGG	1
740583	6	192	AJH09626 as	TAGCAGACGTTTTATCTTCTCGC	1
883789	13	2802	AJH09767eU1130TI	CGCCGATGACGCTATTTTCACCT	1
896373	2	6150	AJH09777eU86AV	CGGCGGCGAAGATATTTTCGCTC	1
902437	67	66	AJH09782eU980PL	AAAACCGGAAGTCACCTTCCCTG	1
912656	23	211	AJH09788eU407TI	TATTGAAGACGGCACCATCACTT	0
937766	1	5236	AJH09807eU1517TI	CGAAGTTGAAGCTAAATTCACCG	0
958919	5	1944	AJH09823eU1046SF	CAAACAGAACGGCATGTTCTCCT	1
1058523	6	1399	AJH13078eU-193	TCCTCCGGTAGTCATCTCGTCAC	0
1125973	13	180	AJH09982eU130LL	AAGAAGAGACGATATTTACCCTG	0
1145454	8	2273	AJH09999eU269SL	TCATCAGGACATTATCTCCTCGC	1
1162861	2	2586	AJH10015eU120LL	AAAGAAGCCGATTATTATCTCAA	1
1272016	6	399	AJH10120eU1157TI	CGGCGATAAAGACATCTTCACCG	1
1387170	9	1130	AJH10234eU398SF	TACCCGTGACGCTAACTTCTCTC	1
1487666	27	207	AJH10318eU44PL	TGATTTAGCCGTAATCTTCCCTG	1
1489442	6	222	AJH10319eU949HY	TACACTGGGCGTCATCTTCCCAC	1
1489581	8	228	AJH10319eU810LL	CAGCTTGAAGGCAATATTCTCGC	1
1582815	2	3861	AJH10409eU112RC	TCTCGCGTATCGATCTTTCCCGT	1
1582816	10	3851	AJH10409eU111SS	GTCTCGCGTATCGATCTTTCCCG	1
1604568	2	1329	AJH10430eU355Q*	TCCCGTCGATGGCATCAATTCAA	0
1670907	6	792	AJH10490eU776AV	GGTAGAAGAAGTTATCTTCGCCC	0
1723586	13	118	AJH10536eU629SL	ATTAGCAGACGTCAAACTCTCAT	0
1859712	6	178	AJH10673eU728SL	GAAGCACGATGGCACCATCTCGG	1
1865979	8	238	AJH10679eU65PL	TTTACAAGAAGGCATCTTACCTT	0
1892408	23	73	AJH10703eU520Q* +1	#NAME?	1
1960793	8	601	AJH10757eU701TI	ATTACTGGAAGGTAAATTCACCG	0
2006492	32	75	AJH10799eU419SL	GGTACTGGACGCCATTTTCTCAC	0
2021397	15	118	SR36 22430eU30	TGACCGTGAAGGCATACTTTCAG	0
2042138	3	3743	AJH10825eU1152PP	ATGATTAGTCAGTATCTTCCCAA	1
2107487	4	462	AJH10880eU230SF	GTATGTCGATGAAATTTTCTCCG	1
2227619	17	2727	AJH10979eU242SF	GTCGCCAGATGTGATTTTCTCTT	0
2296987	20	1460	AJH11046eU1037SF	CGTACAGGAAGCTATCTACTCTC	1
2345035	5	369	AJH11086eU311TI	GGAATCAGAAGCCATCGTCACTA	1
2361123	12	209	AJH11100eU1031SF	GCGTGCTGAAGGCATCATCTCTG	0
2374733	4	11475	AJH11112eU773TI	CAATGAAGAAGCCATTTCTACCG	0
2849754	1	3482	AJH11527eU938TI	CCAGCATGAAGGCATTATCACCA	1
2872471	4	2554	AJH11546eU175HY	CAAAAGTGATGGTAACTTCCCAC	1
2977196	14	143	AJH11641eU203PL	GCTGAGTGCAGTTATCTTCCCCG	1
3178109	43	95	AJH11830eU170SL	GTTACCAGAAGTCATCGTCTCGC	0
3179691	35	307	AJH11831eU761TI	GATGATTGAAGGCATCTTTACCG	0
3277125	6	8222	AJH11927eU95SF	TGAACTGAAAGCGATCATCTCTG	1
3277358	4	7534	AJH11928eU416PL	CCGTGAGCAGATCATCTTCCCAG	1
3305587	2	1664	AJH11967eU599PL	CCGTCTGGACGGTGTTATCCCGG	1
3363579	6	4902	AJH12024eU1217SF +1	#NAME?	0
3409781	6	188	AJH12057eU126LL	TTTCTTGATGGCGATTTCCTCCA	1
3471791	1	7294	AJH12116eU131SF	CCACGTAGATGTAAACTACTCTG	0
3472102	8	1392	AJH12116eU+7	ACGAAGAAGAATAATCTTCCCTC	0
3605169	6	2363	AJH12227eU596SL	CATTAACCACGGTATCTTCTCGC	0
3630364	12	3031	AJH12248eU554SL	TGCCACCGATGGTGTGTTCTCAA	1
3630526	3	3177	AJH12248eU392SF	TGCGGAAGACGCCATTATCTCCG	1
3641764	9	340	AJH12258eU147LL	GCGGGCAAAAGCTATTTTCTCAA	1
3736688	4	1879	AJH12347eU1393Q*	TCGATAAGATGCTCTCTTCTCAG	1
3810509	21	701	AJH12408eU545PL	TGAAAACGAAGTGACTTTCCCAC	0
3859166	11	211	AJH12448eU1742PL	TATGGAAGAGGGCATGTTCCCAA	0
3887096	7	1317	AJH12476eU142RC	CGGTTAAGCTGGCATCTCACCGC	0
3923427	2	744	AJH12508eU560SF	GGCGCTGATGGGTGACTCCTCTG	0
3956578	21	589	AJH12535eU403Q*	ATCTGGAGAAGGCATCGACTCAG	1
3991825	12	297	AJH12570eU842SF	CAGCGATAACGTCATCTTCTCTG	0
4033152	23	1200	AJH12604eU686TI	CGGTGCTGACGTTATCTTCACCC	1
4143818	15	272	AJH12685eU131PL	CAACGAAGACGGAATTATTCCAC	0
4208858	3	656	AJH13206eU659PL	GCTGGAAGATGTCATTCTCCCCT	1
4209610	4	1161	AJH12742eU585HH	ACCCTGGAAGTGCATATCCACAA	1
4210006	3	1887	AJH12742eU189LL	GAAGATGGACTGCATTTTCTCGC	1
4243206	20	2333	AJH12767eU1373SF	GGAACTTGACGATATTTTCTCCG	1
4282671	2	523	AJH12803eU333SS	AAAGATGATTTGTATCTCTCCAG	0
4515459	4	404	AJH13027eU1583TI	GTTCTTCGAAGGTAACTTTACTG	1
